{
    "metrics": {
        "http_req_sending": {
            "med": 0.0314275,
            "p(90)": 0.04102840000000001,
            "p(95)": 0.05284079999999997,
            "p(99)": 0.13152792999999807,
            "max": 0.481939,
            "avg": 0.03311542391304348,
            "min": 0.007271
        },
        "checks": {
            "passes": 282,
            "fails": 0,
            "thresholds": {
                "rate>0.99": false
            },
            "value": 1
        },
        "http_req_tls_handshaking": {
            "avg": 0,
            "min": 0,
            "med": 0,
            "p(90)": 0,
            "p(95)": 0,
            "p(99)": 0,
            "max": 0
        },
        "http_req_receiving": {
            "avg": 0.2590947445652174,
            "min": 0.029891,
            "med": 0.2590665,
            "p(90)": 0.3794212,
            "p(95)": 0.4141812499999999,
            "p(99)": 0.46526924999999997,
            "max": 0.498425
        },
        "data_sent": {
            "count": 41600,
            "rate": 1377.4528678126035
        },
        "iterations": {
            "rate": 4.867441624241652,
            "count": 147
        },
        "http_req_duration{operation:list}": {
            "avg": 3.4376105061728404,
            "min": 3.055268,
            "med": 3.40547,
            "p(90)": 3.778526,
            "p(95)": 3.835597,
            "p(99)": 4.057270000000001,
            "max": 4.130562,
            "thresholds": {
                "p(95)<400": false
            }
        },
        "http_req_duration{operation:create}": {
            "p(90)": 13.1216186,
            "p(95)": 13.30570075,
            "p(99)": 13.605176149999998,
            "max": 13.680045,
            "avg": 7.59523861111111,
            "min": 3.653695,
            "med": 5.4268605,
            "thresholds": {
                "p(95)<700": false
            }
        },
        "vus_max": {
            "max": 1,
            "value": 1,
            "min": 1
        },
        "http_req_waiting": {
            "avg": 3.5544802880434774,
            "min": 2.247567,
            "med": 3.0959285000000003,
            "p(90)": 4.555329000000003,
            "p(95)": 5.336146749999999,
            "p(99)": 12.811056299999995,
            "max": 13.377711
        },
        "data_received": {
            "count": 189367,
            "rate": 6270.291279304551
        },
        "vus": {
            "value": 1,
            "min": 1,
            "max": 1
        },
        "http_reqs": {
            "count": 184,
            "rate": 6.092579992248054
        },
        "http_req_blocked": {
            "p(95)": 0.00793569999999999,
            "p(99)": 1.5332388599999995,
            "max": 2.768953,
            "avg": 0.042116353260869564,
            "min": 0.001649,
            "med": 0.004429,
            "p(90)": 0.005687000000000001
        },
        "iteration_duration": {
            "avg": 205.39492233333337,
            "min": 203.179826,
            "med": 204.317298,
            "p(90)": 205.2910522,
            "p(95)": 213.6353273,
            "p(99)": 223.19282497999998,
            "max": 223.401614
        },
        "http_req_duration": {
            "p(90)": 4.775828100000005,
            "p(95)": 5.5284007,
            "p(99)": 13.099700339999998,
            "max": 13.680045,
            "avg": 3.8466904565217392,
            "min": 2.634404,
            "med": 3.3993535,
            "thresholds": {
                "p(95)<500": false,
                "p(99)<1200": false
            }
        },
        "http_req_duration{expected_response:true}": {
            "med": 3.3993535,
            "p(90)": 4.775828100000005,
            "p(95)": 5.5284007,
            "p(99)": 13.099700339999998,
            "max": 13.680045,
            "avg": 3.8466904565217392,
            "min": 2.634404
        },
        "http_req_failed": {
            "passes": 0,
            "fails": 184,
            "thresholds": {
                "rate<0.01": false
            },
            "value": 0
        },
        "http_req_connecting": {
            "p(95)": 0,
            "p(99)": 1.227364429999997,
            "max": 1.481186,
            "avg": 0.02782198369565217,
            "min": 0,
            "med": 0,
            "p(90)": 0
        },
        "http_req_duration{operation:getById}": {
            "avg": 3.0922806226415087,
            "min": 2.634404,
            "med": 3.059577,
            "p(90)": 3.3854114,
            "p(95)": 3.4949508,
            "p(99)": 3.7857067999999994,
            "max": 3.926346,
            "thresholds": {
                "p(95)<400": false
            }
        }
    },
    "setup_data": {
        "seedIds": [
            "019cd091-c3b1-7f7c-b8df-85757fdb39ec",
            "019cd091-c3b6-7818-b668-7d3ed9113767",
            "019cd091-c3ba-75bf-8715-5bbbcafbc878",
            "019cd091-c3be-79b3-aba6-b07ec707a369",
            "019cd091-c3c2-7d44-a431-d4ac1826b0cc"
        ]
    },
    "root_group": {
        "name": "",
        "path": "",
        "id": "d41d8cd98f00b204e9800998ecf8427e",
        "groups": {
            "setup": {
                "name": "setup",
                "path": "::setup",
                "id": "5c0f8025f7e0b6654089e5b00e950f1a",
                "groups": {},
                "checks": {
                        "create returned 201": {
                            "passes": 5,
                            "fails": 0,
                            "name": "create returned 201",
                            "path": "::setup::create returned 201",
                            "id": "c1a683e5bd19650f2f3744e61e5617f4"
                        },
                        "create returned id": {
                            "name": "create returned id",
                            "path": "::setup::create returned id",
                            "id": "aa56688ff98cae4162d5138ef83e2543",
                            "passes": 5,
                            "fails": 0
                        }
                    }
            },
            "teardown": {
                "path": "::teardown",
                "id": "a8a9942382e8ffe2e56ef29e664b8229",
                "groups": {},
                "checks": {
                        "delete returned expected status": {
                            "path": "::teardown::delete returned expected status",
                            "id": "4e4b17ed194bd852b290d5972d42d60c",
                            "passes": 5,
                            "fails": 0,
                            "name": "delete returned expected status"
                        }
                    },
                "name": "teardown"
            }
        },
        "checks": {
            "getById returned 200": {
                "fails": 0,
                "name": "getById returned 200",
                "path": "::getById returned 200",
                "id": "0ccfa5d20f2401d476081c30f598a42b",
                "passes": 53
            },
            "create returned 201": {
                "name": "create returned 201",
                "path": "::create returned 201",
                "id": "1d7a6263da05ef41ced8ecba1b370fc2",
                "passes": 13,
                "fails": 0
            },
            "create returned id": {
                "name": "create returned id",
                "path": "::create returned id",
                "id": "1a43622162d8e348759fa168656607dc",
                "passes": 13,
                "fails": 0
            },
            "patch returned 200": {
                "name": "patch returned 200",
                "path": "::patch returned 200",
                "id": "d944f0d78bbf28e6d04da7eaa913b953",
                "passes": 13,
                "fails": 0
            },
            "delete returned expected status": {
                "fails": 0,
                "name": "delete returned expected status",